timestamp,open,high,low,close,volume
2026-07-24 21:00:00+00:00,64170.24,64222.15,64138.0,64156.99,85.84161
2026-07-24 21:15:00+00:00,64157.0,64258.73,64146.99,64180.0,212.48261
2026-07-24 21:30:00+00:00,64180.0,64208.78,64135.99,64174.0,230.80386
2026-07-24 21:45:00+00:00,64174.0,64184.38,64122.29,64155.0,122.68534
2026-07-24 22:00:00+00:00,64155.0,64173.99,64121.86,64160.01,108.39246
2026-07-24 22:15:00+00:00,64160.01,64196.99,64150.0,64167.13,214.22942
2026-07-24 22:30:00+00:00,64167.14,64216.27,64162.35,64179.99,204.37268
2026-07-24 22:45:00+00:00,64180.0,64191.0,64167.62,64169.01,60.60342
2026-07-24 23:00:00+00:00,64169.01,64180.91,64149.99,64149.99,75.35945
2026-07-24 23:15:00+00:00,64150.0,64176.39,64139.01,64176.39,61.01158
2026-07-24 23:30:00+00:00,64176.39,64187.4,64139.21,64179.95,171.69458
2026-07-24 23:45:00+00:00,64179.96,64179.96,64134.71,64139.99,104.8883
2026-07-25 00:00:00+00:00,64140.0,64179.03,64134.99,64135.0,138.42687
2026-07-25 00:15:00+00:00,64135.0,64165.12,64129.99,64149.8,76.19289
2026-07-25 00:30:00+00:00,64149.8,64163.88,64080.66,64102.95,70.39516
2026-07-25 00:45:00+00:00,64102.94,64102.94,64033.18,64073.61,101.5328
2026-07-25 01:00:00+00:00,64073.61,64160.0,64008.77,64022.67,60.57674
2026-07-25 01:15:00+00:00,64022.68,64081.22,64006.55,64056.01,63.32493
2026-07-25 01:30:00+00:00,64056.0,64129.59,64038.0,64129.58,334.83272
2026-07-25 01:45:00+00:00,64129.59,64147.19,64068.0,64068.01,34.34255
2026-07-25 02:00:00+00:00,64068.0,64099.99,64062.79,64086.01,90.43135
2026-07-25 02:15:00+00:00,64086.0,64086.0,64033.97,64060.0,52.22055
2026-07-25 02:30:00+00:00,64059.99,64060.0,64024.41,64053.75,139.25256
2026-07-25 02:45:00+00:00,64053.75,64054.15,64017.87,64052.0,197.68393
2026-07-25 03:00:00+00:00,64052.01,64074.36,64016.65,64034.0,253.28357
2026-07-25 03:15:00+00:00,64033.99,64103.67,64033.99,64080.0,159.15745
2026-07-25 03:30:00+00:00,64080.0,64105.61,64068.0,64093.21,23.94536
2026-07-25 03:45:00+00:00,64093.21,64096.15,64047.44,64085.36,33.12943
2026-07-25 04:00:00+00:00,64085.36,64129.62,64085.36,64129.61,32.87398
2026-07-25 04:15:00+00:00,64129.62,64134.0,64098.2,64104.98,40.09388
2026-07-25 04:30:00+00:00,64104.98,64190.13,64085.15,64190.01,52.79783
2026-07-25 04:45:00+00:00,64190.0,64205.67,64150.05,64181.46,45.61462
2026-07-25 05:00:00+00:00,64181.45,64199.76,64149.37,64149.99,56.03453
2026-07-25 05:15:00+00:00,64150.0,64155.51,64139.99,64150.56,30.1861
2026-07-25 05:30:00+00:00,64150.55,64150.56,64021.76,64036.89,58.9242
2026-07-25 05:45:00+00:00,64036.9,64046.01,63980.01,64024.0,100.47955
2026-07-25 06:00:00+00:00,64024.0,64054.64,64009.99,64054.63,42.1103
2026-07-25 06:15:00+00:00,64054.64,64063.37,63979.99,64012.0,107.42597
2026-07-25 06:30:00+00:00,64012.0,64027.64,63967.72,63991.43,56.52204
2026-07-25 06:45:00+00:00,63991.42,64010.0,63964.57,64010.0,42.48927
2026-07-25 07:00:00+00:00,64010.0,64028.66,64009.99,64021.07,48.41647
2026-07-25 07:15:00+00:00,64021.07,64038.0,64000.0,64025.26,161.38975
2026-07-25 07:30:00+00:00,64025.26,64038.52,64003.23,64030.75,72.94001
2026-07-25 07:45:00+00:00,64030.75,64038.0,64003.19,64003.2,125.61988
2026-07-25 08:00:00+00:00,64003.2,64010.01,63919.91,63961.68,163.94344
2026-07-25 08:15:00+00:00,63961.68,63996.96,63961.67,63996.95,31.52137
2026-07-25 08:30:00+00:00,63996.95,64005.4,63954.0,63957.27,72.25199
2026-07-25 08:45:00+00:00,63957.28,63961.13,63810.0,63876.06,239.81218
2026-07-25 09:00:00+00:00,63876.07,63918.0,63830.0,63873.17,363.96177
2026-07-25 09:15:00+00:00,63873.18,63942.0,63873.18,63941.99,401.80805
2026-07-25 09:30:00+00:00,63941.99,63955.04,63925.3,63937.73,185.96147
2026-07-25 09:45:00+00:00,63937.73,64024.72,63937.73,63999.99,861.88081
2026-07-25 10:00:00+00:00,64000.0,64043.74,64000.0,64043.74,47.48287
2026-07-25 10:15:00+00:00,64043.74,64050.15,64022.26,64036.38,44.98986
2026-07-25 10:30:00+00:00,64036.37,64036.37,63996.0,64030.06,46.09393
2026-07-25 10:45:00+00:00,64030.07,64070.0,64020.0,64070.0,62.01293
2026-07-25 11:00:00+00:00,64069.99,64094.77,64047.09,64073.2,53.12409
2026-07-25 11:15:00+00:00,64073.21,64087.62,64063.59,64086.54,70.65205
2026-07-25 11:30:00+00:00,64086.55,64113.0,64053.0,64053.01,62.75317
2026-07-25 11:45:00+00:00,64053.01,64075.96,64053.0,64064.01,39.93701
2026-07-25 12:00:00+00:00,64064.01,64079.78,64045.56,64062.01,68.15517
2026-07-25 12:15:00+00:00,64062.01,64066.0,64044.33,64050.0,32.28148
2026-07-25 12:30:00+00:00,64050.01,64094.84,64043.0,64093.99,36.14463
2026-07-25 12:45:00+00:00,64093.99,64123.8,64093.99,64123.8,42.82892
2026-07-25 13:00:00+00:00,64123.8,64136.42,64117.37,64130.97,51.5159
2026-07-25 13:15:00+00:00,64130.96,64136.45,64106.74,64132.0,35.13092
2026-07-25 13:30:00+00:00,64132.01,64200.0,64116.97,64199.98,67.42031
2026-07-25 13:45:00+00:00,64199.98,64267.78,64143.0,64172.0,131.39878
2026-07-25 14:00:00+00:00,64172.01,64174.24,64126.0,64173.0,78.39699
2026-07-25 14:15:00+00:00,64172.99,64182.0,64136.0,64160.81,62.59951
2026-07-25 14:30:00+00:00,64160.82,64204.59,64160.81,64197.98,61.40563
2026-07-25 14:45:00+00:00,64197.98,64217.09,64175.01,64214.04,67.8011
2026-07-25 15:00:00+00:00,64214.05,64258.45,64188.38,64245.14,53.21574
2026-07-25 15:15:00+00:00,64245.15,64272.0,64200.0,64200.01,51.15753
2026-07-25 15:30:00+00:00,64200.01,64242.61,64183.01,64215.56,52.63838
2026-07-25 15:45:00+00:00,64215.56,64217.73,64169.99,64182.0,36.96864
2026-07-25 16:00:00+00:00,64182.01,64208.5,64153.78,64208.0,41.06609
2026-07-25 16:15:00+00:00,64207.99,64208.0,64123.0,64142.26,38.78228
2026-07-25 16:30:00+00:00,64142.26,64203.0,64142.14,64202.99,22.07227
2026-07-25 16:45:00+00:00,64203.0,64241.71,64190.0,64206.6,24.68964
2026-07-25 17:00:00+00:00,64206.61,64236.0,64194.37,64203.78,26.20308
2026-07-25 17:15:00+00:00,64203.79,64281.28,64203.79,64271.93,42.90554
2026-07-25 17:30:00+00:00,64271.93,64321.57,64256.0,64288.95,53.98418
2026-07-25 17:45:00+00:00,64288.94,64356.0,64250.58,64267.4,64.72426
2026-07-25 18:00:00+00:00,64267.41,64420.0,64267.41,64360.01,87.29169
2026-07-25 18:15:00+00:00,64360.01,64420.0,64346.36,64419.99,50.34865
2026-07-25 18:30:00+00:00,64420.0,64475.28,64388.37,64396.0,123.75417
2026-07-25 18:45:00+00:00,64396.0,64446.71,64392.44,64415.99,53.12617
2026-07-25 19:00:00+00:00,64415.99,64438.12,64404.0,64436.01,29.42806
2026-07-25 19:15:00+00:00,64436.0,64436.01,64396.0,64409.64,55.8133
2026-07-25 19:30:00+00:00,64409.64,64412.91,64399.55,64399.57,40.6985
2026-07-25 19:45:00+00:00,64399.57,64428.0,64388.38,64388.38,93.55744
2026-07-25 20:00:00+00:00,64388.39,64392.74,64344.0,64378.01,28.74173
2026-07-25 20:15:00+00:00,64378.0,64391.04,64343.0,64371.35,112.85241
2026-07-25 20:30:00+00:00,64371.35,64371.35,64319.41,64323.53,18.67554
2026-07-25 20:45:00+00:00,64323.52,64351.45,64313.0,64339.75,53.63198
2026-07-25 21:00:00+00:00,64339.75,64339.75,64263.03,64277.99,34.83042
2026-07-25 21:15:00+00:00,64278.0,64293.16,64263.03,64291.93,26.52796
2026-07-25 21:30:00+00:00,64291.94,64371.88,64291.93,64333.86,31.49745
2026-07-25 21:45:00+00:00,64333.86,64430.0,64333.86,64344.02,84.2088
2026-07-25 22:00:00+00:00,64344.02,64406.01,64344.01,64406.0,88.23098
2026-07-25 22:15:00+00:00,64406.0,64421.58,64376.68,64395.91,86.76632
2026-07-25 22:30:00+00:00,64395.92,64413.39,64359.12,64413.0,129.77462
2026-07-25 22:45:00+00:00,64413.0,64426.0,64364.82,64412.0,321.16531
2026-07-25 23:00:00+00:00,64412.01,64429.38,64399.99,64400.0,100.28378
2026-07-25 23:15:00+00:00,64400.0,64420.29,64393.01,64398.0,47.36311
2026-07-25 23:30:00+00:00,64398.0,64427.88,64382.01,64382.01,177.62139
2026-07-25 23:45:00+00:00,64382.02,64392.42,64363.0,64375.0,92.53932
2026-07-26 00:00:00+00:00,64375.01,64434.0,64350.0,64433.99,73.75412
2026-07-26 00:15:00+00:00,64433.99,64486.0,64420.01,64474.87,111.95067
2026-07-26 00:30:00+00:00,64474.86,64482.0,64414.05,64423.89,32.97548
2026-07-26 00:45:00+00:00,64423.88,64507.0,64406.0,64506.99,38.05631
2026-07-26 01:00:00+00:00,64506.99,64541.66,64466.0,64500.0,48.42585
2026-07-26 01:15:00+00:00,64500.0,64502.96,64472.16,64474.05,31.78005
2026-07-26 01:30:00+00:00,64474.06,64498.62,64466.76,64480.0,46.1107
2026-07-26 01:45:00+00:00,64480.0,64488.18,64456.67,64462.0,150.86488
2026-07-26 02:00:00+00:00,64462.0,64475.52,64427.59,64474.0,53.47661
2026-07-26 02:15:00+00:00,64474.0,64476.0,64446.0,64474.0,27.40633
2026-07-26 02:30:00+00:00,64474.0,64480.0,64432.99,64440.0,18.65602
2026-07-26 02:45:00+00:00,64440.0,64527.59,64440.0,64527.56,17.48364
2026-07-26 03:00:00+00:00,64527.57,64578.21,64488.73,64576.0,97.76511
2026-07-26 03:15:00+00:00,64575.99,64576.01,64537.01,64563.0,60.86008
2026-07-26 03:30:00+00:00,64563.01,64582.0,64545.18,64545.36,51.9466
2026-07-26 03:45:00+00:00,64545.35,64557.01,64530.15,64557.0,94.3914
2026-07-26 04:00:00+00:00,64557.0,64557.01,64505.28,64505.29,102.91177
2026-07-26 04:15:00+00:00,64505.28,64549.22,64491.73,64549.22,26.85008
2026-07-26 04:30:00+00:00,64549.22,64579.98,64534.85,64579.98,23.22361
2026-07-26 04:45:00+00:00,64579.98,64599.95,64508.01,64530.06,272.17907
2026-07-26 05:00:00+00:00,64530.06,64530.07,64495.47,64520.0,32.91015
2026-07-26 05:15:00+00:00,64520.0,64520.0,64493.0,64493.0,20.59732
2026-07-26 05:30:00+00:00,64493.01,64493.01,64403.95,64475.68,46.22716
2026-07-26 05:45:00+00:00,64475.67,64475.68,64417.68,64417.69,31.41045
2026-07-26 06:00:00+00:00,64417.68,64437.88,64350.0,64350.0,164.89639
2026-07-26 06:15:00+00:00,64350.0,64357.42,64293.81,64301.76,67.58037
2026-07-26 06:30:00+00:00,64301.76,64400.01,64301.76,64374.0,142.45745
2026-07-26 06:45:00+00:00,64373.99,64457.55,64373.99,64438.0,33.3016
2026-07-26 07:00:00+00:00,64438.01,64460.0,64398.28,64428.01,52.60063
2026-07-26 07:15:00+00:00,64428.01,64438.16,64357.84,64367.98,35.6678
2026-07-26 07:30:00+00:00,64367.98,64375.72,64341.99,64342.0,132.73532
2026-07-26 07:45:00+00:00,64341.99,64375.74,64341.99,64370.0,52.4936
2026-07-26 08:00:00+00:00,64370.0,64392.73,64353.0,64392.73,99.62798
2026-07-26 08:15:00+00:00,64392.72,64412.99,64374.4,64394.0,24.68928
2026-07-26 08:30:00+00:00,64394.0,64442.2,64393.99,64442.19,19.8348
2026-07-26 08:45:00+00:00,64442.19,64493.99,64442.19,64480.01,59.99785
2026-07-26 09:00:00+00:00,64480.02,64510.01,64478.38,64499.98,49.80638
2026-07-26 09:15:00+00:00,64499.98,64545.36,64499.98,64530.01,53.18902
2026-07-26 09:30:00+00:00,64530.01,64543.1,64513.0,64543.1,41.69813
2026-07-26 09:45:00+00:00,64543.09,64549.02,64538.0,64538.0,20.13133
2026-07-26 10:00:00+00:00,64538.01,64538.01,64503.95,64509.96,29.44256
2026-07-26 10:15:00+00:00,64509.97,64540.0,64497.62,64518.3,58.38491
2026-07-26 10:30:00+00:00,64518.29,64549.99,64518.29,64549.99,17.27472
2026-07-26 10:45:00+00:00,64549.98,64573.73,64515.39,64515.4,31.94521
2026-07-26 11:00:00+00:00,64515.39,64535.99,64509.99,64510.17,54.26278
2026-07-26 11:15:00+00:00,64510.18,64522.0,64503.95,64503.95,44.51931
2026-07-26 11:30:00+00:00,64503.96,64503.96,64495.17,64495.17,30.52863
2026-07-26 11:45:00+00:00,64495.18,64515.22,64495.17,64507.35,45.53327
2026-07-26 12:00:00+00:00,64507.36,64662.99,64507.35,64609.01,160.89459
2026-07-26 12:15:00+00:00,64609.02,64620.22,64516.0,64572.82,72.79326
2026-07-26 12:30:00+00:00,64572.81,64572.82,64503.95,64503.95,29.32702
2026-07-26 12:45:00+00:00,64503.96,64503.96,64434.0,64466.67,56.27842
2026-07-26 13:00:00+00:00,64466.68,64468.59,64414.0,64423.61,30.09577
2026-07-26 13:15:00+00:00,64423.61,64514.0,64423.6,64470.02,37.48216
2026-07-26 13:30:00+00:00,64470.01,64556.0,64454.8,64555.99,118.02241
2026-07-26 13:45:00+00:00,64556.0,64571.42,64503.18,64518.0,133.55376
2026-07-26 14:00:00+00:00,64517.99,64768.23,64517.99,64709.96,247.23486
2026-07-26 14:15:00+00:00,64709.96,64709.97,64624.28,64630.31,77.02999
2026-07-26 14:30:00+00:00,64630.31,64724.0,64624.28,64693.0,84.62733
2026-07-26 14:45:00+00:00,64692.99,64758.86,64683.0,64712.99,95.34997
2026-07-26 15:00:00+00:00,64713.0,64774.27,64673.42,64673.42,83.62094
2026-07-26 15:15:00+00:00,64673.42,64783.0,64673.42,64757.56,79.89255
2026-07-26 15:30:00+00:00,64757.56,64827.0,64734.0,64800.84,88.19898
2026-07-26 15:45:00+00:00,64800.83,64800.84,64743.0,64768.0,62.15648
2026-07-26 16:00:00+00:00,64768.0,64798.39,64703.23,64718.97,92.81253
2026-07-26 16:15:00+00:00,64718.96,64814.17,64718.96,64801.26,56.66483
2026-07-26 16:30:00+00:00,64801.25,64940.51,64801.25,64830.0,174.83803
2026-07-26 16:45:00+00:00,64829.99,64838.75,64734.16,64734.17,95.73503
2026-07-26 17:00:00+00:00,64734.17,64772.0,64676.91,64772.0,148.00673
2026-07-26 17:15:00+00:00,64771.99,64794.45,64710.53,64715.27,75.86123
2026-07-26 17:30:00+00:00,64715.26,64753.0,64668.91,64681.99,47.11499
2026-07-26 17:45:00+00:00,64681.99,64704.0,64673.06,64697.2,76.8302
2026-07-26 18:00:00+00:00,64697.21,64705.99,64680.97,64683.01,30.65491
2026-07-26 18:15:00+00:00,64683.0,64698.66,64668.91,64688.61,29.06538
2026-07-26 18:30:00+00:00,64688.61,64721.05,64676.72,64703.52,29.43301
2026-07-26 18:45:00+00:00,64703.51,64769.99,64703.51,64734.38,25.60951
2026-07-26 19:00:00+00:00,64734.39,64741.83,64671.91,64671.93,28.0392
2026-07-26 19:15:00+00:00,64671.93,64742.45,64671.92,64720.01,287.35995
2026-07-26 19:30:00+00:00,64720.01,64753.0,64720.0,64722.36,23.87359
2026-07-26 19:45:00+00:00,64722.35,64722.36,64693.17,64695.52,30.28444
2026-07-26 20:00:00+00:00,64695.52,64703.36,64683.8,64691.71,32.6584
2026-07-26 20:15:00+00:00,64691.71,64691.71,64631.57,64649.99,38.34311
2026-07-26 20:30:00+00:00,64650.0,64669.99,64649.99,64662.72,27.55768
2026-07-26 20:45:00+00:00,64662.72,64662.72,64649.03,64649.04,21.45863
2026-07-26 21:00:00+00:00,64649.04,64719.75,64649.03,64698.1,46.89118
2026-07-26 21:15:00+00:00,64698.09,64859.99,64695.92,64819.17,80.08651
2026-07-26 21:30:00+00:00,64819.16,64844.44,64793.0,64793.01,64.6335
2026-07-26 21:45:00+00:00,64793.01,64924.0,64793.01,64858.02,76.65386
2026-07-26 22:00:00+00:00,64858.03,65244.0,64858.03,65206.96,364.29556
2026-07-26 22:15:00+00:00,65206.96,65260.86,65170.0,65204.0,251.44376
2026-07-26 22:30:00+00:00,65204.0,65502.6,65184.12,65467.66,512.58867
2026-07-26 22:45:00+00:00,65467.67,65500.0,65378.0,65412.68,202.74593
2026-07-26 23:00:00+00:00,65412.69,65577.0,65381.77,65408.51,380.32212
2026-07-26 23:15:00+00:00,65408.52,65494.33,65312.0,65334.0,114.36837
2026-07-26 23:30:00+00:00,65334.0,65409.01,65273.76,65407.21,69.84145
2026-07-26 23:45:00+00:00,65407.2,65463.97,65351.28,65399.99,65.61733
2026-07-27 00:00:00+00:00,65400.0,65418.81,65188.0,65227.32,165.58006
2026-07-27 00:15:00+00:00,65227.33,65263.85,65108.0,65199.99,110.46359
2026-07-27 00:30:00+00:00,65199.99,65229.99,65118.0,65160.28,86.8325
2026-07-27 00:45:00+00:00,65160.29,65191.28,65065.46,65131.95,102.89772
2026-07-27 01:00:00+00:00,65131.96,65206.84,65050.04,65057.84,90.1331
2026-07-27 01:15:00+00:00,65057.85,65084.0,64992.0,65019.88,99.73863
2026-07-27 01:30:00+00:00,65019.89,65119.85,64892.03,65096.28,200.57501
2026-07-27 01:45:00+00:00,65096.29,65225.75,65084.0,65206.21,88.34049
2026-07-27 02:00:00+00:00,65206.21,65220.0,65160.0,65206.01,66.50551
2026-07-27 02:15:00+00:00,65206.0,65249.74,65154.02,65186.54,157.88042
2026-07-27 02:30:00+00:00,65186.54,65281.64,65118.08,65239.45,149.86356
2026-07-27 02:45:00+00:00,65239.44,65265.64,65126.77,65172.0,101.56876
2026-07-27 03:00:00+00:00,65172.02,65290.0,65161.99,65279.99,304.08051
2026-07-27 03:15:00+00:00,65280.0,65341.77,65263.83,65319.99,71.93959
2026-07-27 03:30:00+00:00,65319.99,65359.98,65254.0,65356.7,74.90696
2026-07-27 03:45:00+00:00,65356.7,65367.73,65269.99,65284.0,68.25576
2026-07-27 04:00:00+00:00,65284.0,65374.79,65242.69,65318.51,73.083
2026-07-27 04:15:00+00:00,65318.51,65500.0,65288.26,65325.33,126.96272
2026-07-27 04:30:00+00:00,65325.32,65436.87,65252.3,65393.82,72.44253
2026-07-27 04:45:00+00:00,65393.81,65393.82,65282.8,65282.8,59.07156
2026-07-27 05:00:00+00:00,65282.81,65396.01,65282.8,65372.48,52.17643
2026-07-27 05:15:00+00:00,65372.48,65438.0,65340.0,65411.99,74.11703
2026-07-27 05:30:00+00:00,65411.99,65424.01,65370.0,65384.0,89.88681
2026-07-27 05:45:00+00:00,65384.0,65493.38,65351.62,65468.38,68.61345
2026-07-27 06:00:00+00:00,65468.38,65744.6,65459.42,65597.41,373.74294
2026-07-27 06:15:00+00:00,65597.4,65640.0,65462.14,65492.54,188.55276
2026-07-27 06:30:00+00:00,65492.54,65580.0,65471.87,65526.11,155.03545
2026-07-27 06:45:00+00:00,65526.11,65530.0,65404.9,65416.76,150.01615
2026-07-27 07:00:00+00:00,65416.77,65441.63,65346.52,65422.0,378.17587
2026-07-27 07:15:00+00:00,65422.01,65447.02,65396.34,65410.49,75.74706
2026-07-27 07:30:00+00:00,65410.5,65410.5,65217.16,65283.99,214.85757
2026-07-27 07:45:00+00:00,65283.99,65326.0,65221.99,65221.99,397.31069
2026-07-27 08:00:00+00:00,65221.99,65250.0,65166.66,65189.99,175.41743
2026-07-27 08:15:00+00:00,65189.99,65258.0,65136.0,65239.57,224.19767
2026-07-27 08:30:00+00:00,65239.58,65239.58,65158.87,65163.76,184.04136
2026-07-27 08:45:00+00:00,65163.76,65207.37,65128.85,65162.98,141.31872
2026-07-27 09:00:00+00:00,65162.98,65162.98,65100.0,65122.01,281.88264
2026-07-27 09:15:00+00:00,65122.0,65234.0,65117.25,65225.67,259.72741
2026-07-27 09:30:00+00:00,65225.68,65348.17,65210.37,65303.99,322.63114
2026-07-27 09:45:00+00:00,65303.98,65308.67,65262.15,65262.17,613.91953
2026-07-27 10:00:00+00:00,65262.18,65272.92,65230.01,65248.0,123.59549
2026-07-27 10:15:00+00:00,65248.0,65390.0,65243.04,65348.01,127.00806
2026-07-27 10:30:00+00:00,65348.01,65416.44,65344.5,65410.0,99.01923
2026-07-27 10:45:00+00:00,65410.0,65432.0,65333.33,65333.35,62.67715
2026-07-27 11:00:00+00:00,65333.35,65333.36,65242.06,65254.7,82.57155
2026-07-27 11:15:00+00:00,65254.69,65265.94,65128.95,65128.95,56.27013
2026-07-27 11:30:00+00:00,65128.95,65210.04,65118.08,65158.01,84.12977
2026-07-27 11:45:00+00:00,65158.0,65158.0,65092.0,65100.79,64.17857
2026-07-27 12:00:00+00:00,65100.79,65255.76,65076.98,65086.01,132.86022
2026-07-27 12:15:00+00:00,65086.0,65144.0,65009.28,65009.29,105.61203
2026-07-27 12:30:00+00:00,65009.28,65054.37,64836.0,65046.79,261.72569
2026-07-27 12:45:00+00:00,65046.78,65134.37,65015.0,65086.0,87.53437
2026-07-27 13:00:00+00:00,65086.0,65124.0,64968.0,64978.22,89.9647
2026-07-27 13:15:00+00:00,64978.21,65055.93,64913.12,64947.6,112.20363
2026-07-27 13:30:00+00:00,64947.6,65686.68,64943.66,65668.2,493.29255
2026-07-27 13:45:00+00:00,65668.2,65718.0,65184.0,65217.37,381.08054
2026-07-27 14:00:00+00:00,65217.38,65431.9,65134.36,65367.99,207.81897
2026-07-27 14:15:00+00:00,65367.99,65396.26,64870.68,64870.69,249.98249
2026-07-27 14:30:00+00:00,64870.69,64886.9,64459.82,64476.0,406.89652
2026-07-27 14:45:00+00:00,64476.0,64710.0,64472.01,64687.45,267.77876
2026-07-27 15:00:00+00:00,64687.45,64776.0,64579.22,64728.87,211.16088
2026-07-27 15:15:00+00:00,64728.87,64774.0,64554.51,64658.0,118.64548
2026-07-27 15:30:00+00:00,64658.0,64700.0,64418.01,64580.79,191.81385
2026-07-27 15:45:00+00:00,64580.8,64637.79,64534.79,64554.01,74.66972
2026-07-27 16:00:00+00:00,64554.0,64683.53,64538.54,64616.0,95.70287
2026-07-27 16:15:00+00:00,64616.0,64796.0,64517.78,64734.01,176.37759
2026-07-27 16:30:00+00:00,64734.0,64970.93,64734.0,64923.77,113.42357
2026-07-27 16:45:00+00:00,64923.77,64949.99,64811.28,64898.52,87.86898
2026-07-27 17:00:00+00:00,64898.53,64949.22,64794.37,64897.29,100.06495
2026-07-27 17:15:00+00:00,64897.29,65061.86,64884.0,65002.55,149.59182
2026-07-27 17:30:00+00:00,65002.55,65090.0,64996.0,65000.0,88.07984
2026-07-27 17:45:00+00:00,65000.01,65031.81,64955.43,65019.81,66.75546
2026-07-27 18:00:00+00:00,65019.81,65058.32,64962.67,64962.67,51.3454
2026-07-27 18:15:00+00:00,64962.66,64962.66,64843.32,64918.87,81.84223
2026-07-27 18:30:00+00:00,64918.87,64932.89,64755.67,64837.33,118.37073
2026-07-27 18:45:00+00:00,64837.33,64880.72,64763.97,64878.0,71.70508
2026-07-27 19:00:00+00:00,64878.0,65026.35,64810.9,64974.0,56.36905
2026-07-27 19:15:00+00:00,64974.01,65029.3,64929.88,64996.01,80.17271
2026-07-27 19:30:00+00:00,64996.01,65078.0,64972.01,64978.0,79.86145
2026-07-27 19:45:00+00:00,64978.0,64984.0,64920.5,64984.0,75.42113
2026-07-27 20:00:00+00:00,64983.99,65056.0,64944.0,64956.28,46.50783
2026-07-27 20:15:00+00:00,64956.27,65015.24,64908.01,65015.24,26.55528
2026-07-27 20:30:00+00:00,65015.24,65026.16,64950.0,64950.02,35.16231
2026-07-27 20:45:00+00:00,64950.01,64964.01,64908.01,64960.65,89.47417
2026-07-27 21:00:00+00:00,64960.64,64960.65,64900.0,64903.43,59.64167
2026-07-27 21:15:00+00:00,64903.44,64903.44,64819.16,64828.38,70.01358
2026-07-27 21:30:00+00:00,64828.37,64880.0,64790.28,64819.2,57.73121
2026-07-27 21:45:00+00:00,64819.21,64869.91,64800.0,64821.25,50.68757
2026-07-27 22:00:00+00:00,64821.26,64821.26,64671.07,64726.01,113.55303
2026-07-27 22:15:00+00:00,64726.01,64757.93,64577.06,64602.71,94.8295
2026-07-27 22:30:00+00:00,64602.7,64602.71,64150.0,64213.99,371.10991
2026-07-27 22:45:00+00:00,64213.99,64225.82,63792.0,63792.0,551.05412
2026-07-27 23:00:00+00:00,63792.01,63858.97,63605.56,63800.01,460.29236
2026-07-27 23:15:00+00:00,63800.01,63940.27,63726.0,63882.56,214.36235
2026-07-27 23:30:00+00:00,63882.38,63922.0,63634.0,63685.96,162.42513
2026-07-27 23:45:00+00:00,63685.95,63790.0,63663.47,63755.86,110.57211
2026-07-28 00:00:00+00:00,63755.86,63791.33,63500.0,63681.99,260.55552
2026-07-28 00:15:00+00:00,63682.0,63827.49,63584.0,63704.3,164.16661
2026-07-28 00:30:00+00:00,63704.3,63709.66,63570.98,63610.01,97.37051
2026-07-28 00:45:00+00:00,63610.0,63619.71,63469.3,63487.88,188.9528
2026-07-28 01:00:00+00:00,63487.88,63529.89,63059.39,63198.93,566.39123
2026-07-28 01:15:00+00:00,63198.94,63356.85,63128.45,63315.51,388.46039
2026-07-28 01:30:00+00:00,63315.51,63397.95,63180.0,63198.0,162.38483
2026-07-28 01:45:00+00:00,63198.0,63316.69,63178.0,63230.83,127.97334
2026-07-28 02:00:00+00:00,63230.82,63285.02,63163.93,63267.99,131.57977
2026-07-28 02:15:00+00:00,63267.98,63305.94,63204.16,63235.97,94.95833
2026-07-28 02:30:00+00:00,63235.96,63245.86,63123.0,63130.0,108.25048
2026-07-28 02:45:00+00:00,63130.0,63206.44,63108.0,63185.59,94.43036
2026-07-28 03:00:00+00:00,63185.59,63298.0,63168.01,63277.08,87.02706
2026-07-28 03:15:00+00:00,63277.09,63346.3,63250.0,63300.62,258.79499
2026-07-28 03:30:00+00:00,63300.63,63375.39,63228.57,63356.38,266.40643
2026-07-28 03:45:00+00:00,63356.39,63369.99,63284.59,63343.83,116.27208
2026-07-28 04:00:00+00:00,63343.82,63354.39,63285.01,63345.67,127.79223
2026-07-28 04:15:00+00:00,63345.67,63361.85,63295.1,63295.11,103.37053
2026-07-28 04:30:00+00:00,63295.1,63295.1,63221.26,63286.08,44.50102
2026-07-28 04:45:00+00:00,63286.08,63354.55,63286.03,63350.95,67.51004
2026-07-28 05:00:00+00:00,63350.95,63498.6,63323.09,63450.64,94.68383
2026-07-28 05:15:00+00:00,63450.65,63623.5,63450.64,63545.26,136.74637
2026-07-28 05:30:00+00:00,63545.26,63545.37,63432.38,63545.36,93.67556
2026-07-28 05:45:00+00:00,63545.37,63561.03,63451.61,63451.61,65.41263
2026-07-28 06:00:00+00:00,63451.62,63467.32,63395.13,63424.22,108.17896
2026-07-28 06:15:00+00:00,63424.22,63526.86,63424.21,63521.99,105.11982
2026-07-28 06:30:00+00:00,63522.0,63584.01,63506.05,63580.0,76.39278
2026-07-28 06:45:00+00:00,63580.0,63660.72,63545.38,63640.63,171.03132
2026-07-28 07:00:00+00:00,63640.63,63668.71,63539.55,63583.9,363.51929
2026-07-28 07:15:00+00:00,63583.9,63590.0,63513.81,63575.76,267.726
2026-07-28 07:30:00+00:00,63575.76,63582.0,63488.0,63488.0,204.64728
2026-07-28 07:45:00+00:00,63488.01,63528.35,63455.58,63505.99,150.09273
2026-07-28 08:00:00+00:00,63506.0,63546.36,63440.62,63440.62,88.14409
2026-07-28 08:15:00+00:00,63440.62,63494.26,63433.02,63479.99,63.68459
2026-07-28 08:30:00+00:00,63480.0,63518.0,63420.0,63496.61,79.07647
2026-07-28 08:45:00+00:00,63496.61,63512.0,63406.11,63428.08,50.58251
2026-07-28 09:00:00+00:00,63428.07,63465.99,63396.0,63431.98,60.9465
2026-07-28 09:15:00+00:00,63431.99,63499.76,63415.65,63496.3,79.86232
2026-07-28 09:30:00+00:00,63496.29,63581.33,63481.03,63518.91,88.80366
2026-07-28 09:45:00+00:00,63518.91,63556.31,63368.81,63393.99,85.82511
2026-07-28 10:00:00+00:00,63393.99,63410.0,63322.0,63344.0,88.97075
2026-07-28 10:15:00+00:00,63344.01,63429.83,63294.0,63386.91,115.30509
2026-07-28 10:30:00+00:00,63386.91,63526.0,63370.0,63526.0,133.05302
2026-07-28 10:45:00+00:00,63525.99,63555.18,63468.0,63473.47,78.70684
2026-07-28 11:00:00+00:00,63473.48,63507.25,63366.02,63366.03,92.91166
2026-07-28 11:15:00+00:00,63366.02,63593.0,63352.0,63453.29,104.90877
2026-07-28 11:30:00+00:00,63453.28,63584.83,63368.0,63398.07,76.03397
2026-07-28 11:45:00+00:00,63398.07,63513.88,63398.07,63450.0,131.59889
2026-07-28 12:00:00+00:00,63449.99,63536.0,63430.33,63440.01,112.82358
2026-07-28 12:15:00+00:00,63440.01,63512.12,63418.52,63424.0,88.07498
2026-07-28 12:30:00+00:00,63424.0,63477.31,63364.96,63477.3,131.82623
2026-07-28 12:45:00+00:00,63477.31,63570.0,63434.32,63546.65,108.25936
2026-07-28 13:00:00+00:00,63546.65,63588.0,63481.29,63516.01,177.60135
2026-07-28 13:15:00+00:00,63516.01,63516.01,63304.0,63310.01,222.04729
2026-07-28 13:30:00+00:00,63310.0,63392.39,62890.0,62991.28,716.1467
2026-07-28 13:45:00+00:00,62991.28,63120.03,62742.47,63104.0,500.11888
2026-07-28 14:00:00+00:00,63104.0,63308.0,63103.99,63153.7,195.33853
2026-07-28 14:15:00+00:00,63153.7,63247.39,62965.38,63184.91,293.73663
2026-07-28 14:30:00+00:00,63184.91,63424.09,63156.0,63358.0,203.79327
2026-07-28 14:45:00+00:00,63358.01,63550.0,63326.1,63412.45,176.11745
2026-07-28 15:00:00+00:00,63412.45,63495.17,63269.28,63462.26,195.43371
2026-07-28 15:15:00+00:00,63462.26,63986.21,63370.0,63754.28,346.90999
2026-07-28 15:30:00+00:00,63754.28,63944.0,63700.0,63873.54,181.36877
2026-07-28 15:45:00+00:00,63873.55,64026.62,63798.36,63928.47,221.40325
2026-07-28 16:00:00+00:00,63928.46,63936.0,63803.94,63814.0,115.27952
2026-07-28 16:15:00+00:00,63814.0,63950.0,63800.0,63842.0,95.11206
2026-07-28 16:30:00+00:00,63842.01,63946.0,63773.65,63912.0,115.39051
2026-07-28 16:45:00+00:00,63912.0,64100.0,63866.18,64043.26,192.1654
2026-07-28 17:00:00+00:00,64043.27,64043.27,63791.86,63804.9,98.74276
2026-07-28 17:15:00+00:00,63804.9,63834.0,63694.7,63736.01,117.50028
2026-07-28 17:30:00+00:00,63736.01,63736.01,63504.0,63564.97,200.87465
2026-07-28 17:45:00+00:00,63564.97,63687.19,63563.33,63685.88,110.13107
2026-07-28 18:00:00+00:00,63685.88,63849.09,63680.91,63696.0,100.59238
2026-07-28 18:15:00+00:00,63695.99,63741.12,63681.3,63701.24,93.45412
2026-07-28 18:30:00+00:00,63701.24,63774.62,63672.26,63760.0,54.4727
2026-07-28 18:45:00+00:00,63760.0,63796.0,63694.0,63734.49,62.9937
2026-07-28 19:00:00+00:00,63734.49,63860.0,63734.49,63761.86,78.79731
2026-07-28 19:15:00+00:00,63761.87,63800.0,63724.0,63754.0,52.1596
2026-07-28 19:30:00+00:00,63754.01,63873.55,63688.42,63697.99,81.35686
2026-07-28 19:45:00+00:00,63698.0,63904.0,63675.93,63904.0,120.95632
2026-07-28 20:00:00+00:00,63904.0,63994.48,63880.0,63989.71,164.37805
2026-07-28 20:15:00+00:00,63989.7,64018.39,63898.11,63902.86,57.20427
2026-07-28 20:30:00+00:00,63902.87,63939.03,63881.68,63930.01,52.1874
2026-07-28 20:45:00+00:00,63930.01,63942.97,63901.42,63917.55,26.45147
2026-07-28 21:00:00+00:00,63917.55,63994.29,63914.01,63924.0,46.29961
2026-07-28 21:15:00+00:00,63924.01,63928.0,63892.0,63920.0,29.26013
2026-07-28 21:30:00+00:00,63920.0,64052.0,63904.0,64042.89,89.9926
2026-07-28 21:45:00+00:00,64042.89,64073.3,63969.45,63972.44,61.68629
2026-07-28 22:00:00+00:00,63972.44,64020.76,63906.5,63991.17,77.97974
2026-07-28 22:15:00+00:00,63991.18,64020.76,63918.0,63918.01,47.65921
2026-07-28 22:30:00+00:00,63918.0,63918.0,63862.39,63881.99,107.03613
2026-07-28 22:45:00+00:00,63881.99,63881.99,63768.47,63783.71,86.99511
2026-07-28 23:00:00+00:00,63783.72,63790.0,63602.52,63628.0,78.1894
2026-07-28 23:15:00+00:00,63627.99,63665.38,63562.0,63638.57,99.55311
2026-07-28 23:30:00+00:00,63638.58,63846.0,63638.58,63845.95,361.50473
2026-07-28 23:45:00+00:00,63845.95,63956.4,63820.21,63915.0,229.68414
2026-07-29 00:00:00+00:00,63915.0,64200.0,63914.99,64018.01,417.4978
2026-07-29 00:15:00+00:00,64018.01,64092.0,63950.18,64012.0,176.47332
2026-07-29 00:30:00+00:00,64012.0,64096.0,63873.54,64084.01,195.03769
2026-07-29 00:45:00+00:00,64084.01,64188.75,63928.44,63953.99,73.00123
2026-07-29 01:00:00+00:00,63954.0,63999.0,63798.62,63815.97,87.99138
2026-07-29 01:15:00+00:00,63815.98,63946.0,63776.34,63909.99,155.82862
2026-07-29 01:30:00+00:00,63909.99,63939.37,63795.25,63811.36,304.36957
2026-07-29 01:45:00+00:00,63811.36,63832.27,63690.0,63705.06,95.55172
2026-07-29 02:00:00+00:00,63705.07,63873.55,63658.0,63832.47,105.15273
2026-07-29 02:15:00+00:00,63832.46,64023.74,63686.76,64023.74,120.71154
2026-07-29 02:30:00+00:00,64023.73,64132.42,63954.0,64030.01,127.63031
2026-07-29 02:45:00+00:00,64030.0,64044.0,63911.92,63979.96,106.25645
2026-07-29 03:00:00+00:00,63979.96,64002.0,63856.54,63938.01,56.40436
2026-07-29 03:15:00+00:00,63938.0,63970.0,63786.78,63798.0,82.23295
2026-07-29 03:30:00+00:00,63797.99,63870.0,63710.0,63775.53,125.83263
2026-07-29 03:45:00+00:00,63775.53,63800.0,63718.0,63753.03,117.07195
2026-07-29 04:00:00+00:00,63753.04,63771.9,63598.0,63742.0,114.50041
2026-07-29 04:15:00+00:00,63741.99,63834.51,63633.65,63808.0,146.76984
2026-07-29 04:30:00+00:00,63807.99,63956.15,63779.44,63866.74,79.02243
2026-07-29 04:45:00+00:00,63866.74,63970.92,63846.1,63968.34,295.19328
2026-07-29 05:00:00+00:00,63968.34,64020.0,63932.29,63996.29,190.33803
2026-07-29 05:15:00+00:00,63996.29,63997.29,63890.07,63950.01,258.61717
2026-07-29 05:30:00+00:00,63950.0,64045.04,63919.42,64018.0,80.04324
2026-07-29 05:45:00+00:00,64018.01,64094.2,64006.28,64067.32,83.17319
2026-07-29 06:00:00+00:00,64067.32,64148.69,64026.64,64123.7,250.68125
2026-07-29 06:15:00+00:00,64123.7,64409.97,64096.01,64403.0,190.15772
2026-07-29 06:30:00+00:00,64403.0,64471.0,64386.01,64462.99,406.18628
2026-07-29 06:45:00+00:00,64463.0,64463.0,64400.0,64435.62,112.59558
2026-07-29 07:00:00+00:00,64435.63,64494.92,64402.67,64466.0,105.31217
2026-07-29 07:15:00+00:00,64466.01,64508.0,64432.17,64507.98,121.94751
2026-07-29 07:30:00+00:00,64507.98,64518.0,64441.31,64498.0,116.98444
2026-07-29 07:45:00+00:00,64497.99,64575.99,64460.01,64561.0,168.06689
2026-07-29 08:00:00+00:00,64561.01,64588.0,64359.35,64376.0,176.86357
2026-07-29 08:15:00+00:00,64376.0,64403.71,64283.83,64301.99,102.23753
2026-07-29 08:30:00+00:00,64301.99,64433.88,64284.03,64433.87,69.57982
2026-07-29 08:45:00+00:00,64433.88,64523.68,64398.88,64417.31,94.20589
2026-07-29 09:00:00+00:00,64417.31,64464.0,64386.94,64452.0,116.73569
2026-07-29 09:15:00+00:00,64452.0,64478.6,64430.0,64461.82,92.77188
2026-07-29 09:30:00+00:00,64461.81,64700.0,64461.81,64605.99,242.98268
2026-07-29 09:45:00+00:00,64605.99,64744.81,64517.15,64698.0,237.44281
2026-07-29 10:00:00+00:00,64698.01,64718.0,64626.05,64663.99,120.49109
2026-07-29 10:15:00+00:00,64663.99,64700.0,64609.02,64623.59,55.64736
2026-07-29 10:30:00+00:00,64623.59,64680.57,64567.56,64670.0,62.46616
2026-07-29 10:45:00+00:00,64670.0,64670.0,64410.24,64469.83,98.85934
2026-07-29 11:00:00+00:00,64469.84,64546.0,64440.0,64521.95,85.18689
2026-07-29 11:15:00+00:00,64521.94,64591.73,64476.58,64492.48,97.1139
2026-07-29 11:30:00+00:00,64492.47,64496.0,64422.5,64422.5,73.50281
2026-07-29 11:45:00+00:00,64422.51,64507.54,64422.5,64507.54,61.97228
2026-07-29 12:00:00+00:00,64507.53,64507.54,64433.87,64456.01,90.05018
2026-07-29 12:15:00+00:00,64456.0,64456.0,64276.73,64342.02,146.90228
2026-07-29 12:30:00+00:00,64342.01,64386.4,64282.01,64333.58,96.90716
2026-07-29 12:45:00+00:00,64333.59,64341.0,64215.93,64276.81,141.65618
2026-07-29 13:00:00+00:00,64276.82,64330.62,64224.59,64330.39,122.55092
2026-07-29 13:15:00+00:00,64330.38,64334.0,64139.68,64205.38,113.55255
2026-07-29 13:30:00+00:00,64205.39,64499.0,64148.07,64478.51,270.77193
2026-07-29 13:45:00+00:00,64478.51,64667.18,64316.11,64664.7,288.6943
2026-07-29 14:00:00+00:00,64664.69,64718.87,64240.9,64264.0,213.12715
2026-07-29 14:15:00+00:00,64264.0,64402.0,64121.0,64198.96,188.12095
2026-07-29 14:30:00+00:00,64198.96,64313.99,64049.55,64099.99,197.1942
2026-07-29 14:45:00+00:00,64099.99,64259.98,64047.71,64108.01,138.06475
2026-07-29 15:00:00+00:00,64108.01,64195.0,64062.0,64136.0,135.35717
2026-07-29 15:15:00+00:00,64135.99,64158.0,63961.96,64093.49,210.73001
2026-07-29 15:30:00+00:00,64093.49,64178.39,63971.78,63986.01,194.98177
2026-07-29 15:45:00+00:00,63986.0,64048.19,63886.0,63964.01,186.63489
2026-07-29 16:00:00+00:00,63964.01,64006.0,63900.0,63949.62,149.26926
2026-07-29 16:15:00+00:00,63949.62,64146.53,63925.0,64026.01,154.05264
2026-07-29 16:30:00+00:00,64026.0,64078.0,63624.15,63695.1,207.82122
2026-07-29 16:45:00+00:00,63695.09,63834.0,63654.94,63808.33,246.88556
2026-07-29 17:00:00+00:00,63808.33,63873.55,63709.19,63873.54,132.91954
2026-07-29 17:15:00+00:00,63873.55,63873.55,63750.0,63756.17,99.5917
2026-07-29 17:30:00+00:00,63756.17,63978.44,63731.01,63966.53,103.51923
2026-07-29 17:45:00+00:00,63966.54,64286.71,63934.0,64269.83,150.10461
2026-07-29 18:00:00+00:00,64269.83,64648.79,64256.0,64336.0,637.18513
2026-07-29 18:15:00+00:00,64336.0,64393.54,63992.0,64098.0,236.17143
2026-07-29 18:30:00+00:00,64098.0,64452.0,63758.0,64408.01,550.22956
2026-07-29 18:45:00+00:00,64408.0,64637.03,64350.0,64501.52,473.12022
2026-07-29 19:00:00+00:00,64501.52,64600.0,64180.38,64284.0,415.29377
2026-07-29 19:15:00+00:00,64284.0,64420.0,63964.0,64033.77,332.54193
2026-07-29 19:30:00+00:00,64033.77,64117.09,63850.0,63876.0,273.59303
2026-07-29 19:45:00+00:00,63875.99,63902.0,63511.0,63589.46,431.62218
2026-07-29 20:00:00+00:00,63589.46,63642.0,63378.09,63611.28,347.45747
2026-07-29 20:15:00+00:00,63611.28,63718.89,63407.99,63530.52,163.88965
2026-07-29 20:30:00+00:00,63530.52,63746.42,63506.0,63590.9,139.98947
2026-07-29 20:45:00+00:00,63590.9,63618.58,63472.76,63522.01,137.2558
2026-07-29 21:00:00+00:00,63522.01,63527.94,63267.34,63494.01,247.99655
2026-07-29 21:15:00+00:00,63494.0,63575.6,63377.45,63575.59,159.54449
2026-07-29 21:30:00+00:00,63575.58,63641.25,63547.54,63560.75,162.36845
2026-07-29 21:45:00+00:00,63560.76,63860.0,63535.24,63860.0,201.11494
2026-07-29 22:00:00+00:00,63860.0,64111.76,63859.99,64018.45,318.8221
2026-07-29 22:15:00+00:00,64018.45,64131.44,63978.61,64045.86,210.97735
2026-07-29 22:30:00+00:00,64045.86,64055.88,63927.89,64015.37,113.32651
2026-07-29 22:45:00+00:00,64015.37,64027.81,63910.52,63942.5,61.58291
2026-07-29 23:00:00+00:00,63942.5,63988.4,63899.0,63922.34,74.19316
2026-07-29 23:15:00+00:00,63922.35,64067.12,63918.22,64005.07,81.94155
2026-07-29 23:30:00+00:00,64005.08,64032.72,63929.09,64001.74,101.09164
2026-07-29 23:45:00+00:00,64001.74,64060.0,63948.38,63984.28,74.6563
2026-07-30 00:00:00+00:00,63984.29,64100.24,63983.0,64032.95,153.88447
2026-07-30 00:15:00+00:00,64032.95,64125.61,63959.01,64006.01,212.51805
2026-07-30 00:30:00+00:00,64006.0,64008.48,63694.0,63694.01,162.44576
2026-07-30 00:45:00+00:00,63694.0,63750.0,63603.92,63696.72,121.09941
2026-07-30 01:00:00+00:00,63696.73,63883.23,63691.9,63706.01,116.20422
2026-07-30 01:15:00+00:00,63706.0,63839.53,63690.0,63834.0,153.18598
2026-07-30 01:30:00+00:00,63834.0,64069.59,63833.99,64059.71,173.37934
2026-07-30 01:45:00+00:00,64059.72,64370.0,64039.93,64266.0,243.30331
2026-07-30 02:00:00+00:00,64266.01,64390.13,64237.63,64330.32,138.87235
2026-07-30 02:15:00+00:00,64330.31,64411.76,64301.91,64354.01,177.71168
2026-07-30 02:30:00+00:00,64354.01,64354.01,64218.0,64320.0,84.90417
2026-07-30 02:45:00+00:00,64320.0,64320.0,64159.63,64189.99,173.6852
2026-07-30 03:00:00+00:00,64190.0,64268.0,64133.99,64200.0,137.83228
2026-07-30 03:15:00+00:00,64200.0,64300.91,64190.53,64267.98,126.63356
2026-07-30 03:30:00+00:00,64267.99,64267.99,64140.5,64160.0,84.1516
2026-07-30 03:45:00+00:00,64159.99,64222.0,64159.99,64161.98,74.20896
2026-07-30 04:00:00+00:00,64161.98,64180.0,64107.33,64145.01,220.74849
2026-07-30 04:15:00+00:00,64145.0,64145.01,64089.99,64090.0,263.08957
2026-07-30 04:30:00+00:00,64089.99,64160.1,64064.02,64110.01,313.05454
2026-07-30 04:45:00+00:00,64110.0,64150.0,64008.5,64023.99,130.56613
2026-07-30 05:00:00+00:00,64024.0,64037.99,63941.13,63973.0,312.12233
2026-07-30 05:15:00+00:00,63972.99,64016.0,63907.85,64013.06,228.95006
2026-07-30 05:30:00+00:00,64013.06,64182.0,63996.54,64122.38,109.35419
2026-07-30 05:45:00+00:00,64122.39,64156.0,63993.2,64033.89,115.69675
2026-07-30 06:00:00+00:00,64033.9,64076.0,63982.68,64000.0,115.74204
2026-07-30 06:15:00+00:00,64000.01,64078.0,63966.95,64078.0,105.96701
2026-07-30 06:30:00+00:00,64078.0,64080.0,63972.0,64007.41,107.62285
2026-07-30 06:45:00+00:00,64007.4,64018.0,63957.2,64002.0,313.66676
2026-07-30 07:00:00+00:00,64001.99,64144.0,64001.99,64057.83,101.58479
2026-07-30 07:15:00+00:00,64057.83,64144.06,63993.25,64062.01,114.95472
2026-07-30 07:30:00+00:00,64062.01,64066.01,63943.29,64041.5,259.51902
2026-07-30 07:45:00+00:00,64041.5,64041.5,63984.0,64026.0,233.98989
2026-07-30 08:00:00+00:00,64026.0,64066.0,63982.0,64003.99,286.79606
2026-07-30 08:15:00+00:00,64003.99,64343.46,63980.54,64268.0,246.29369
2026-07-30 08:30:00+00:00,64268.0,64348.0,64234.0,64348.0,254.26804
2026-07-30 08:45:00+00:00,64347.99,64358.99,64290.56,64308.01,355.85647
2026-07-30 09:00:00+00:00,64308.01,64415.4,64283.8,64410.51,881.8348
2026-07-30 09:15:00+00:00,64410.52,64525.99,64390.99,64496.01,428.78456
2026-07-30 09:30:00+00:00,64496.02,64641.37,64496.01,64589.99,578.15248
2026-07-30 09:45:00+00:00,64589.99,64639.07,64567.55,64567.56,671.37639
2026-07-30 10:00:00+00:00,64567.55,64625.0,64562.0,64568.52,111.56722
2026-07-30 10:15:00+00:00,64568.52,64631.71,64568.51,64624.01,120.01995
2026-07-30 10:30:00+00:00,64624.01,64631.99,64569.95,64610.01,139.5962
2026-07-30 10:45:00+00:00,64610.0,64621.07,64570.72,64570.72,87.86125
2026-07-30 11:00:00+00:00,64570.72,64625.0,64542.73,64605.93,148.04086
2026-07-30 11:15:00+00:00,64605.92,64666.0,64566.0,64576.01,114.20136
2026-07-30 11:30:00+00:00,64576.01,64710.8,64547.69,64664.32,140.25656
2026-07-30 11:45:00+00:00,64664.32,64885.18,64654.0,64788.0,227.88986
2026-07-30 12:00:00+00:00,64788.01,65027.25,64788.0,64984.98,309.42919
2026-07-30 12:15:00+00:00,64984.97,65043.94,64864.0,64885.37,232.11325
2026-07-30 12:30:00+00:00,64885.37,64948.44,64837.56,64838.01,183.07062
2026-07-30 12:45:00+00:00,64838.01,64941.32,64838.0,64925.0,95.00899
2026-07-30 13:00:00+00:00,64925.0,64958.23,64815.7,64839.27,119.123
2026-07-30 13:15:00+00:00,64839.26,64878.51,64819.16,64830.0,97.88265
2026-07-30 13:30:00+00:00,64829.99,65024.12,64689.02,65013.86,382.13216
2026-07-30 13:45:00+00:00,65013.86,65176.6,64993.63,65022.01,574.05955
2026-07-30 14:00:00+00:00,65022.0,65042.0,64717.83,64733.99,326.48929
2026-07-30 14:15:00+00:00,64733.99,64854.0,64620.0,64780.01,395.7747
2026-07-30 14:30:00+00:00,64780.01,64861.98,64734.1,64806.32,176.49957
2026-07-30 14:45:00+00:00,64806.31,64845.99,64636.37,64683.97,167.03366
2026-07-30 15:00:00+00:00,64683.97,64829.85,64607.31,64726.09,179.22982
2026-07-30 15:15:00+00:00,64726.09,64888.0,64684.0,64686.21,214.34658
2026-07-30 15:30:00+00:00,64686.21,64780.0,64640.31,64768.0,150.88608
2026-07-30 15:45:00+00:00,64768.01,64798.0,64700.65,64730.3,134.05287
2026-07-30 16:00:00+00:00,64730.29,64963.64,64729.56,64935.68,227.60498
2026-07-30 16:15:00+00:00,64935.68,64950.0,64846.0,64885.39,137.53774
2026-07-30 16:30:00+00:00,64885.4,64898.0,64770.0,64776.75,172.53435
2026-07-30 16:45:00+00:00,64776.74,64850.53,64776.31,64818.01,77.56877
2026-07-30 17:00:00+00:00,64818.01,64867.0,64772.0,64804.62,149.70527
2026-07-30 17:15:00+00:00,64804.62,64962.83,64792.0,64944.96,112.89895
2026-07-30 17:30:00+00:00,64944.96,64988.0,64819.16,64949.65,135.80582
2026-07-30 17:45:00+00:00,64949.65,64950.03,64858.01,64872.0,54.05766
2026-07-30 18:00:00+00:00,64871.99,64899.8,64820.01,64820.46,59.31564
2026-07-30 18:15:00+00:00,64820.46,64820.47,64750.65,64799.03,76.99013
2026-07-30 18:30:00+00:00,64799.02,64819.55,64714.09,64732.0,76.14541
2026-07-30 18:45:00+00:00,64731.99,64732.0,64688.0,64702.8,51.53702
2026-07-30 19:00:00+00:00,64702.8,64864.5,64702.79,64836.0,91.44022
2026-07-30 19:15:00+00:00,64836.0,64904.0,64806.0,64888.5,83.41711
2026-07-30 19:30:00+00:00,64888.5,64888.5,64826.25,64838.0,64.85429
2026-07-30 19:45:00+00:00,64837.99,64862.0,64782.0,64800.0,117.17674
2026-07-30 20:00:00+00:00,64800.0,64936.0,64785.28,64792.31,165.52295
2026-07-30 20:15:00+00:00,64792.3,64874.0,64764.36,64794.05,45.61878
2026-07-30 20:30:00+00:00,64794.06,64880.0,64752.12,64866.0,79.22597
2026-07-30 20:45:00+00:00,64865.99,64888.6,64777.37,64777.37,40.05322
2026-07-30 21:00:00+00:00,64777.38,64802.48,64735.39,64756.41,65.7118
2026-07-30 21:15:00+00:00,64756.42,64760.0,64747.08,64748.59,29.50192
2026-07-30 21:30:00+00:00,64748.59,64799.37,64740.54,64763.68,53.81759
2026-07-30 21:45:00+00:00,64763.68,64775.74,64700.34,64735.53,78.72914
2026-07-30 22:00:00+00:00,64735.53,64974.0,64668.91,64931.66,202.16188
2026-07-30 22:15:00+00:00,64931.67,64996.9,64900.0,64994.4,74.569
2026-07-30 22:30:00+00:00,64995.43,65029.29,64868.96,64912.01,139.43966
2026-07-30 22:45:00+00:00,64912.0,64923.18,64838.7,64851.16,66.28694
2026-07-30 23:00:00+00:00,64851.16,64940.0,64830.0,64939.99,48.12081
2026-07-30 23:15:00+00:00,64939.99,64945.87,64898.73,64933.99,58.12328
2026-07-30 23:30:00+00:00,64934.0,65086.4,64772.0,64815.97,238.03205
2026-07-30 23:45:00+00:00,64815.97,64891.44,64740.0,64780.02,147.50256
2026-07-31 00:00:00+00:00,64780.03,64901.55,64757.27,64819.75,82.78974
2026-07-31 00:15:00+00:00,64819.75,64822.0,64728.47,64775.01,240.1786
2026-07-31 00:30:00+00:00,64775.01,64821.78,64740.27,64794.98,235.15309
2026-07-31 00:45:00+00:00,64794.98,64804.0,64690.29,64724.91,102.30947
2026-07-31 01:00:00+00:00,64724.92,65409.56,64724.92,65189.32,563.95142
2026-07-31 01:15:00+00:00,65189.32,65225.74,65026.8,65184.08,232.81466
2026-07-31 01:30:00+00:00,65184.09,65184.09,64824.58,64824.61,183.98934
2026-07-31 01:45:00+00:00,64824.61,64894.0,64480.44,64564.01,236.24734
2026-07-31 02:00:00+00:00,64564.0,64614.0,64467.0,64484.93,142.84525
2026-07-31 02:15:00+00:00,64484.93,64484.93,64350.0,64353.78,242.15649
2026-07-31 02:30:00+00:00,64353.78,64417.66,64203.58,64230.56,293.69608
2026-07-31 02:45:00+00:00,64230.55,64360.0,64218.83,64297.79,176.95994
2026-07-31 03:00:00+00:00,64297.79,64297.79,64172.0,64258.0,137.77005
2026-07-31 03:15:00+00:00,64258.0,64422.0,64219.06,64382.33,212.23356
2026-07-31 03:30:00+00:00,64382.34,64416.0,64298.0,64385.31,85.80253
2026-07-31 03:45:00+00:00,64385.31,64439.81,64341.02,64370.0,112.23949
2026-07-31 04:00:00+00:00,64370.0,64438.0,64350.0,64370.01,154.22029
2026-07-31 04:15:00+00:00,64370.26,64372.0,64236.0,64335.79,87.08885
2026-07-31 04:30:00+00:00,64335.8,64369.75,64288.0,64307.99,67.45233
2026-07-31 04:45:00+00:00,64307.99,64334.0,64293.81,64300.0,82.37284
2026-07-31 05:00:00+00:00,64299.99,64420.0,64299.99,64415.71,163.27106
2026-07-31 05:15:00+00:00,64415.72,64421.68,64330.0,64330.01,61.548
2026-07-31 05:30:00+00:00,64330.01,64361.06,64293.82,64293.82,57.2877
2026-07-31 05:45:00+00:00,64293.82,64380.05,64268.47,64363.06,247.29617
2026-07-31 06:00:00+00:00,64363.06,64389.52,64324.22,64382.88,56.33717
2026-07-31 06:15:00+00:00,64382.87,64458.89,64364.68,64458.89,113.41663
2026-07-31 06:30:00+00:00,64458.88,64496.64,64274.0,64281.99,133.25275
2026-07-31 06:45:00+00:00,64282.0,64282.0,64196.08,64231.97,200.76911
2026-07-31 07:00:00+00:00,64231.97,64245.57,64017.84,64061.99,340.92179
2026-07-31 07:15:00+00:00,64062.0,64096.75,64000.0,64000.0,673.68252
2026-07-31 07:30:00+00:00,64000.01,64034.06,63878.11,63923.0,1696.21577
2026-07-31 07:45:00+00:00,63923.01,64019.9,63923.0,63950.01,378.13643
2026-07-31 08:00:00+00:00,63950.01,63970.56,63862.0,63945.57,253.5867
2026-07-31 08:15:00+00:00,63945.57,63987.36,63865.09,63962.0,131.08576
2026-07-31 08:30:00+00:00,63961.99,63961.99,63816.62,63850.05,146.83166
2026-07-31 08:45:00+00:00,63850.05,63904.65,63784.67,63834.01,202.68306
2026-07-31 09:00:00+00:00,63834.01,63847.13,63756.0,63804.84,193.4138
2026-07-31 09:15:00+00:00,63804.83,63804.84,63694.73,63694.74,90.89596
2026-07-31 09:30:00+00:00,63694.74,63728.38,63638.18,63692.0,182.91632
2026-07-31 09:45:00+00:00,63692.0,63749.99,63680.01,63715.9,95.10418
2026-07-31 10:00:00+00:00,63715.91,63743.85,63610.0,63734.21,98.562
2026-07-31 10:15:00+00:00,63734.22,63827.58,63700.56,63824.88,126.19256
2026-07-31 10:30:00+00:00,63824.88,63906.99,63824.87,63903.01,126.75745
2026-07-31 10:45:00+00:00,63903.01,63951.77,63876.0,63918.67,70.87857
2026-07-31 11:00:00+00:00,63918.68,64011.99,63905.75,63905.76,82.87111
2026-07-31 11:15:00+00:00,63905.75,63975.86,63862.0,63902.0,80.61858
2026-07-31 11:30:00+00:00,63902.01,63902.01,63844.44,63844.61,61.8548
2026-07-31 11:45:00+00:00,63844.61,63856.0,63792.01,63805.51,61.80155
2026-07-31 12:00:00+00:00,63805.5,63830.62,63706.0,63727.66,105.03737
2026-07-31 12:15:00+00:00,63727.66,63774.0,63704.0,63746.63,119.3275
2026-07-31 12:30:00+00:00,63746.63,63746.63,63627.66,63667.52,219.25849
2026-07-31 12:45:00+00:00,63667.51,63763.06,63660.0,63754.01,72.63492
2026-07-31 13:00:00+00:00,63754.01,63784.0,63720.0,63765.99,110.24632
2026-07-31 13:15:00+00:00,63766.0,63849.19,63759.74,63825.52,303.91732
2026-07-31 13:30:00+00:00,63825.52,63825.52,63465.57,63465.57,626.41027
2026-07-31 13:45:00+00:00,63465.57,63529.99,63241.71,63270.73,470.96143
2026-07-31 14:00:00+00:00,63270.72,63310.0,62466.0,62697.02,1608.05582
2026-07-31 14:15:00+00:00,62697.02,62748.0,62520.0,62642.15,980.23353
2026-07-31 14:30:00+00:00,62642.23,62818.0,62600.0,62684.0,521.90901
2026-07-31 14:45:00+00:00,62684.0,62809.91,62592.32,62682.06,518.20593
2026-07-31 15:00:00+00:00,62682.05,62706.0,62555.0,62616.01,265.87917
2026-07-31 15:15:00+00:00,62616.01,62721.93,62490.24,62584.0,312.46923
2026-07-31 15:30:00+00:00,62583.99,62769.36,62568.0,62761.41,226.09997
2026-07-31 15:45:00+00:00,62761.41,62761.41,62633.32,62716.57,161.5072
2026-07-31 16:00:00+00:00,62716.57,62905.79,62709.01,62864.07,288.66321
2026-07-31 16:15:00+00:00,62864.07,62931.79,62793.27,62921.52,311.56574
2026-07-31 16:30:00+00:00,62921.51,62921.52,62808.0,62847.54,141.24985
2026-07-31 16:45:00+00:00,62847.54,62885.01,62815.42,62870.88,115.76923
2026-07-31 17:00:00+00:00,62870.87,62924.0,62800.0,62902.0,181.28667
2026-07-31 17:15:00+00:00,62901.99,63006.84,62871.63,62976.74,181.04233
2026-07-31 17:30:00+00:00,62976.73,63100.0,62956.95,63059.69,173.61216
2026-07-31 17:45:00+00:00,63059.69,63301.68,63059.68,63245.44,320.78822
2026-07-31 18:00:00+00:00,63245.44,63302.0,63135.31,63147.9,220.86973
2026-07-31 18:15:00+00:00,63147.9,63182.0,63056.0,63061.57,225.43697
2026-07-31 18:30:00+00:00,63061.56,63094.7,62966.0,63037.75,178.41539
2026-07-31 18:45:00+00:00,63037.75,63176.46,63033.94,63097.57,128.73455
2026-07-31 19:00:00+00:00,63097.57,63158.0,63029.37,63068.93,60.90224
2026-07-31 19:15:00+00:00,63068.93,63072.0,63017.99,63022.02,43.03145
2026-07-31 19:30:00+00:00,63022.02,63027.6,62936.29,63000.44,79.18753
2026-07-31 19:45:00+00:00,63000.45,63052.0,62954.03,62972.0,121.76794
2026-07-31 20:00:00+00:00,62972.0,63005.47,62944.84,62999.34,66.7393
2026-07-31 20:15:00+00:00,62999.33,63034.0,62982.0,63005.52,55.1624
2026-07-31 20:30:00+00:00,63005.52,63013.99,62955.0,62990.59,102.50625
2026-07-31 20:45:00+00:00,62990.58,63003.87,62928.35,62953.7,94.01232
2026-07-31 21:00:00+00:00,62953.7,63013.23,62846.0,63010.83,60.38708
2026-07-31 21:15:00+00:00,63010.83,63038.0,63000.0,63009.99,84.53869
2026-07-31 21:30:00+00:00,63010.0,63038.46,62995.08,63038.46,94.66788
2026-07-31 21:45:00+00:00,63038.45,63062.47,62923.84,62947.78,95.1662
2026-07-31 22:00:00+00:00,62947.77,63020.0,62870.01,63002.47,75.7994
2026-07-31 22:15:00+00:00,63002.47,63020.0,62988.29,62988.29,133.54064
2026-07-31 22:30:00+00:00,62988.28,63006.14,62922.17,62943.64,102.78499
2026-07-31 22:45:00+00:00,62943.64,62963.22,62915.0,62950.0,128.86991
2026-07-31 23:00:00+00:00,62950.01,63004.0,62950.0,62975.77,73.02156
2026-07-31 23:15:00+00:00,62975.78,63013.52,62975.77,62983.86,23.36606
2026-07-31 23:30:00+00:00,62983.86,62996.73,62950.0,62950.01,33.58295
2026-07-31 23:45:00+00:00,62950.0,62950.01,62860.64,62887.88,56.52402
2026-08-01 00:00:00+00:00,62887.88,62970.0,62887.87,62942.0,182.20936
2026-08-01 00:15:00+00:00,62942.0,62998.0,62935.0,62958.0,171.41681
2026-08-01 00:30:00+00:00,62958.0,62996.0,62936.03,62995.99,119.33373
2026-08-01 00:45:00+00:00,62996.0,63024.04,62938.0,62938.01,44.30907
2026-08-01 01:00:00+00:00,62938.01,62967.34,62938.0,62967.34,69.12506
2026-08-01 01:15:00+00:00,62967.34,62990.0,62923.47,62954.27,173.96706
2026-08-01 01:30:00+00:00,62954.27,62981.35,62930.0,62975.52,73.12879
2026-08-01 01:45:00+00:00,62975.51,62983.2,62950.68,62975.01,70.49894
2026-08-01 02:00:00+00:00,62975.0,63028.0,62975.0,63018.0,33.58196
2026-08-01 02:15:00+00:00,63018.01,63087.82,63018.0,63070.01,46.90805
2026-08-01 02:30:00+00:00,63070.01,63098.8,63070.0,63085.01,107.79432
2026-08-01 02:45:00+00:00,63085.0,63106.55,63056.15,63075.07,160.38649
2026-08-01 03:00:00+00:00,63075.08,63075.08,62987.35,62987.36,50.01728
2026-08-01 03:15:00+00:00,62987.36,63050.0,62970.65,63018.77,45.00068
2026-08-01 03:30:00+00:00,63018.77,63030.95,62976.0,62997.75,190.52824
2026-08-01 03:45:00+00:00,62997.75,63018.64,62982.0,63004.48,103.40962
2026-08-01 04:00:00+00:00,63004.47,63014.0,62993.2,63013.99,49.64273
2026-08-01 04:15:00+00:00,63014.0,63050.1,63013.99,63050.1,33.80606
2026-08-01 04:30:00+00:00,63050.1,63069.45,63046.0,63069.45,35.05172
2026-08-01 04:45:00+00:00,63069.45,63115.37,63069.44,63115.01,105.4289
2026-08-01 05:00:00+00:00,63115.0,63142.85,63059.21,63122.9,134.69423
2026-08-01 05:15:00+00:00,63122.91,63122.91,63074.41,63105.0,92.79342
2026-08-01 05:30:00+00:00,63105.0,63105.01,63014.76,63016.58,116.75046
2026-08-01 05:45:00+00:00,63016.58,63038.0,63000.85,63020.0,114.0386
2026-08-01 06:00:00+00:00,63020.0,63040.1,62992.82,63027.88,171.47143
2026-08-01 06:15:00+00:00,63027.87,63075.1,63007.8,63060.0,48.22198
2026-08-01 06:30:00+00:00,63059.99,63076.93,63059.99,63062.0,107.93033
2026-08-01 06:45:00+00:00,63061.99,63086.65,63057.44,63080.64,107.25103
2026-08-01 07:00:00+00:00,63080.65,63110.89,63080.64,63110.88,29.9517
2026-08-01 07:15:00+00:00,63110.88,63110.89,63069.74,63069.75,33.27632
2026-08-01 07:30:00+00:00,63069.74,63069.75,63034.0,63046.0,55.71305
2026-08-01 07:45:00+00:00,63046.0,63056.77,63046.0,63050.46,31.75066
2026-08-01 08:00:00+00:00,63050.45,63100.01,63050.45,63100.01,30.67437
2026-08-01 08:15:00+00:00,63100.01,63102.51,63092.0,63092.01,19.93275
2026-08-01 08:30:00+00:00,63092.01,63109.04,63092.0,63102.51,21.91553
2026-08-01 08:45:00+00:00,63102.51,63150.0,63091.33,63126.25,33.50552
2026-08-01 09:00:00+00:00,63126.25,63139.54,63110.0,63112.08,59.74674
2026-08-01 09:15:00+00:00,63112.08,63125.48,63100.0,63112.94,66.80092
2026-08-01 09:30:00+00:00,63112.93,63112.94,63100.0,63107.91,41.64028
2026-08-01 09:45:00+00:00,63107.91,63107.91,63046.33,63053.17,60.26358
2026-08-01 10:00:00+00:00,63053.17,63111.09,62986.31,63006.44,81.0008
2026-08-01 10:15:00+00:00,63006.45,63066.22,62990.25,63046.8,33.91335
2026-08-01 10:30:00+00:00,63046.8,63076.0,63022.58,63058.56,156.95472
2026-08-01 10:45:00+00:00,63058.56,63063.68,63038.24,63056.0,49.17462
2026-08-01 11:00:00+00:00,63055.99,63061.59,63038.11,63061.59,30.4592
2026-08-01 11:15:00+00:00,63061.58,63082.0,63037.72,63081.91,68.11591
2026-08-01 11:30:00+00:00,63081.91,63091.97,63070.52,63070.52,55.51877
2026-08-01 11:45:00+00:00,63070.52,63076.01,63070.52,63076.0,24.99206
2026-08-01 12:00:00+00:00,63076.0,63119.4,63076.0,63099.83,74.85659
2026-08-01 12:15:00+00:00,63099.84,63105.99,63092.87,63092.87,53.66513
2026-08-01 12:30:00+00:00,63092.88,63103.37,63081.81,63100.04,128.48021
2026-08-01 12:45:00+00:00,63100.03,63106.96,63100.03,63103.68,63.18439
2026-08-01 13:00:00+00:00,63103.68,63106.83,63096.81,63102.59,43.90302
2026-08-01 13:15:00+00:00,63102.59,63102.59,63083.62,63083.62,56.61335
2026-08-01 13:30:00+00:00,63083.62,63094.0,63080.0,63080.01,33.8357
2026-08-01 13:45:00+00:00,63080.0,63080.01,63051.0,63069.32,53.11671
2026-08-01 14:00:00+00:00,63069.31,63127.07,63069.31,63079.83,94.96288
2026-08-01 14:15:00+00:00,63079.83,63120.53,63072.41,63114.36,52.6494
2026-08-01 14:30:00+00:00,63114.35,63120.01,63087.33,63110.01,85.68172
2026-08-01 14:45:00+00:00,63110.0,63126.53,63073.08,63126.52,152.49935
2026-08-01 15:00:00+00:00,63126.53,63126.53,63110.0,63110.0,55.65858
2026-08-01 15:15:00+00:00,63110.0,63110.01,63059.99,63060.0,29.38835
2026-08-01 15:30:00+00:00,63060.0,63061.99,63051.0,63051.07,41.49905
2026-08-01 15:45:00+00:00,63051.07,63051.07,63007.05,63007.06,37.87935
2026-08-01 16:00:00+00:00,63007.06,63007.06,62928.0,62948.27,97.32085
2026-08-01 16:15:00+00:00,62948.27,62964.0,62926.76,62948.67,57.4869
2026-08-01 16:30:00+00:00,62948.67,63027.65,62947.99,62969.25,112.11283
2026-08-01 16:45:00+00:00,62969.24,62969.25,62874.0,62932.32,60.95124
2026-08-01 17:00:00+00:00,62932.32,62996.0,62870.0,62897.99,86.32257
2026-08-01 17:15:00+00:00,62897.99,62898.0,62800.0,62833.95,75.07065
2026-08-01 17:30:00+00:00,62833.95,62844.78,62740.0,62818.02,91.69905
2026-08-01 17:45:00+00:00,62818.02,62818.03,62666.0,62708.07,106.0829
2026-08-01 18:00:00+00:00,62708.06,62734.0,62618.75,62706.84,169.72237
2026-08-01 18:15:00+00:00,62706.85,62706.85,62510.0,62564.78,183.87011
2026-08-01 18:30:00+00:00,62564.78,62564.78,62275.0,62370.01,414.86265
2026-08-01 18:45:00+00:00,62370.01,62586.0,62280.16,62580.56,162.97384
2026-08-01 19:00:00+00:00,62580.55,62624.0,62526.33,62550.0,99.33353
2026-08-01 19:15:00+00:00,62550.0,62611.06,62491.11,62548.45,123.19365
2026-08-01 19:30:00+00:00,62548.45,62589.99,62461.17,62471.99,47.92329
2026-08-01 19:45:00+00:00,62472.0,62543.86,62471.99,62529.82,42.07579
2026-08-01 20:00:00+00:00,62529.81,62571.7,62482.99,62558.0,38.80349
2026-08-01 20:15:00+00:00,62558.0,62640.0,62558.0,62618.0,52.53567
2026-08-01 20:30:00+00:00,62617.99,62624.0,62562.0,62596.0,35.20714
2026-08-01 20:45:00+00:00,62595.99,62674.98,62588.1,62662.13,56.92336
2026-08-01 21:00:00+00:00,62662.14,62800.0,62662.13,62743.16,103.38051
2026-08-01 21:15:00+00:00,62743.17,62796.86,62743.16,62793.21,32.86012
2026-08-01 21:30:00+00:00,62793.21,62864.0,62769.02,62800.45,53.65072
2026-08-01 21:45:00+00:00,62800.44,62827.08,62781.77,62812.75,39.49251
2026-08-01 22:00:00+00:00,62812.76,62863.26,62794.17,62849.18,43.27042
2026-08-01 22:15:00+00:00,62849.18,62866.62,62826.08,62854.79,31.51373
2026-08-01 22:30:00+00:00,62854.8,62854.8,62824.57,62848.01,25.49231
2026-08-01 22:45:00+00:00,62848.01,62852.0,62831.28,62831.28,29.27271
2026-08-01 23:00:00+00:00,62831.29,62854.0,62807.69,62807.69,24.66705
2026-08-01 23:15:00+00:00,62807.7,62807.7,62769.97,62771.35,41.99995
2026-08-01 23:30:00+00:00,62771.35,62862.8,62771.34,62835.15,196.55736
2026-08-01 23:45:00+00:00,62835.14,62840.82,62815.94,62823.64,24.58879
2026-08-02 00:00:00+00:00,62823.65,62979.99,62823.64,62929.75,121.75471
2026-08-02 00:15:00+00:00,62929.75,62940.0,62882.01,62883.7,60.54186
2026-08-02 00:30:00+00:00,62883.69,62914.71,62846.96,62846.97,150.33788
2026-08-02 00:45:00+00:00,62846.97,62861.42,62806.58,62833.99,64.63979
2026-08-02 01:00:00+00:00,62834.0,63021.96,62834.0,63012.17,73.76266
2026-08-02 01:15:00+00:00,63012.18,63088.0,62975.3,62984.0,80.09109
2026-08-02 01:30:00+00:00,62984.0,63020.87,62975.3,63015.99,30.57099
2026-08-02 01:45:00+00:00,63016.0,63016.0,62981.86,62981.87,31.3522
2026-08-02 02:00:00+00:00,62981.87,63547.7,62958.54,63459.99,434.92474
2026-08-02 02:15:00+00:00,63460.0,63547.7,63393.57,63405.47,304.37265
2026-08-02 02:30:00+00:00,63405.47,63460.22,63333.99,63385.12,227.60772
2026-08-02 02:45:00+00:00,63385.12,63484.0,63348.0,63451.58,101.51395
2026-08-02 03:00:00+00:00,63451.58,63461.09,63386.87,63415.48,130.84429
2026-08-02 03:15:00+00:00,63415.48,63550.0,63380.0,63436.88,122.20468
2026-08-02 03:30:00+00:00,63436.88,63498.0,63436.88,63497.99,63.65554
2026-08-02 03:45:00+00:00,63497.99,63515.56,63435.38,63461.95,71.85011
2026-08-02 04:00:00+00:00,63461.95,63555.0,63461.95,63543.17,88.78303
2026-08-02 04:15:00+00:00,63543.16,63558.34,63515.86,63546.0,38.07443
2026-08-02 04:30:00+00:00,63546.01,63556.03,63523.34,63526.6,92.73492
2026-08-02 04:45:00+00:00,63526.6,63612.0,63526.59,63590.0,82.77879
2026-08-02 05:00:00+00:00,63590.0,63634.0,63464.07,63482.74,82.59301
2026-08-02 05:15:00+00:00,63482.74,63496.0,63456.96,63494.83,52.58672
2026-08-02 05:30:00+00:00,63494.83,63494.83,63415.26,63423.76,95.17288
2026-08-02 05:45:00+00:00,63423.77,63454.81,63423.76,63453.27,30.96301
2026-08-02 06:00:00+00:00,63453.27,63484.62,63449.34,63449.35,41.28177
2026-08-02 06:15:00+00:00,63449.34,63498.0,63435.99,63497.99,31.62524
2026-08-02 06:30:00+00:00,63497.99,63498.15,63465.04,63498.15,37.47394
2026-08-02 06:45:00+00:00,63498.15,63498.15,63482.48,63482.49,50.0179
2026-08-02 07:00:00+00:00,63482.49,63492.37,63480.0,63488.36,29.36486
2026-08-02 07:15:00+00:00,63488.36,63493.97,63482.93,63493.83,113.71427
2026-08-02 07:30:00+00:00,63493.83,63544.51,63491.74,63538.12,141.00585
2026-08-02 07:45:00+00:00,63538.11,63538.12,63483.76,63506.24,128.0276
2026-08-02 08:00:00+00:00,63506.23,63530.0,63488.76,63494.93,128.71806
2026-08-02 08:15:00+00:00,63494.93,63495.13,63386.72,63390.95,222.13983
2026-08-02 08:30:00+00:00,63390.96,63390.96,63210.69,63228.06,126.57619
2026-08-02 08:45:00+00:00,63228.06,63236.0,63172.0,63193.99,65.36378
2026-08-02 09:00:00+00:00,63194.0,63282.0,63094.0,63262.18,110.70747
2026-08-02 09:15:00+00:00,63262.18,63308.79,63235.0,63236.0,54.86698
2026-08-02 09:30:00+00:00,63236.0,63320.0,63234.0,63267.01,40.80829
2026-08-02 09:45:00+00:00,63267.0,63277.0,63255.17,63273.94,70.72867
2026-08-02 10:00:00+00:00,63273.94,63273.94,63208.01,63208.99,69.72102
2026-08-02 10:15:00+00:00,63208.98,63270.0,63125.06,63140.0,72.60259
2026-08-02 10:30:00+00:00,63140.0,63213.99,63140.0,63202.02,33.40637
2026-08-02 10:45:00+00:00,63202.02,63205.89,63197.0,63205.03,24.54512
2026-08-02 11:00:00+00:00,63205.03,63205.03,63134.07,63164.7,59.80997
2026-08-02 11:15:00+00:00,63164.7,63206.0,63122.0,63160.01,106.74008
2026-08-02 11:30:00+00:00,63160.0,63184.0,63100.0,63116.0,60.6133
2026-08-02 11:45:00+00:00,63116.0,63170.0,62982.38,63031.99,145.89814
2026-08-02 12:00:00+00:00,63031.99,63180.0,63031.99,63177.9,54.31846
2026-08-02 12:15:00+00:00,63177.9,63231.67,63152.0,63186.0,57.94792
2026-08-02 12:30:00+00:00,63186.01,63212.0,63107.7,63146.0,74.4037
2026-08-02 12:45:00+00:00,63145.99,63159.41,63116.0,63125.49,61.32855
2026-08-02 13:00:00+00:00,63125.49,63146.89,63095.0,63114.02,67.40748
2026-08-02 13:15:00+00:00,63114.02,63115.38,63058.0,63081.91,91.55059
2026-08-02 13:30:00+00:00,63081.91,63107.0,63010.0,63093.05,59.3454
2026-08-02 13:45:00+00:00,63093.05,63135.11,63093.05,63126.92,43.82478
2026-08-02 14:00:00+00:00,63126.92,63126.93,63062.0,63089.08,53.18162
2026-08-02 14:15:00+00:00,63089.07,63155.0,63089.07,63128.98,68.39222
2026-08-02 14:30:00+00:00,63128.97,63186.0,63096.42,63156.54,149.27731
2026-08-02 14:45:00+00:00,63156.54,63156.54,63066.31,63069.37,43.37797
2026-08-02 15:00:00+00:00,63069.37,63124.0,63050.0,63124.0,52.60032
2026-08-02 15:15:00+00:00,63124.0,63136.99,63102.03,63126.0,67.76274
2026-08-02 15:30:00+00:00,63125.99,63186.0,63125.99,63149.99,36.14955
2026-08-02 15:45:00+00:00,63149.99,63150.0,63109.13,63109.14,34.54071
2026-08-02 16:00:00+00:00,63109.13,63135.96,63064.01,63104.0,56.85013
2026-08-02 16:15:00+00:00,63104.0,63132.0,63078.0,63110.0,42.49179
2026-08-02 16:30:00+00:00,63110.0,63273.49,63103.76,63222.01,116.74365
2026-08-02 16:45:00+00:00,63222.01,63232.0,63180.36,63180.36,51.87804
2026-08-02 17:00:00+00:00,63180.36,63219.86,63152.0,63210.0,65.60527
2026-08-02 17:15:00+00:00,63210.0,63342.0,63192.37,63282.53,74.52925
2026-08-02 17:30:00+00:00,63282.53,63326.0,63282.53,63326.0,100.81966
2026-08-02 17:45:00+00:00,63325.99,63332.71,63300.28,63300.28,77.43759
2026-08-02 18:00:00+00:00,63300.0,63328.9,63292.12,63312.66,69.4224
2026-08-02 18:15:00+00:00,63312.66,63327.67,63290.0,63290.0,58.80797
2026-08-02 18:30:00+00:00,63290.0,63610.01,63290.0,63502.01,260.5737
2026-08-02 18:45:00+00:00,63502.01,63512.0,63370.01,63382.01,130.01138
2026-08-02 19:00:00+00:00,63382.01,63389.64,63346.62,63358.07,80.88915
2026-08-02 19:15:00+00:00,63358.08,63373.04,63333.33,63333.34,40.24154
2026-08-02 19:30:00+00:00,63333.34,63394.0,63323.89,63393.99,36.58991
2026-08-02 19:45:00+00:00,63394.0,63479.85,63393.99,63456.01,89.63779
2026-08-02 20:00:00+00:00,63456.0,63470.26,63422.0,63462.0,33.13026
2026-08-02 20:15:00+00:00,63462.0,63496.0,63404.69,63409.27,31.38492
2026-08-02 20:30:00+00:00,63409.27,63454.12,63409.26,63431.14,25.44292
2026-08-02 20:45:00+00:00,63431.14,63501.48,63414.01,63494.52,50.55452
2026-08-02 21:00:00+00:00,63494.51,63571.98,63479.45,63527.45,93.00068
2026-08-02 21:15:00+00:00,63527.45,63553.12,63512.0,63542.85,53.74943
2026-08-02 21:30:00+00:00,63542.85,63781.69,63508.6,63704.01,162.13223
2026-08-02 21:45:00+00:00,63704.01,63785.0,63548.7,63578.0,148.39522
2026-08-02 22:00:00+00:00,63578.01,63796.33,63578.01,63696.27,151.09509
2026-08-02 22:15:00+00:00,63696.27,63790.94,63572.23,63591.99,108.2341
2026-08-02 22:30:00+00:00,63592.0,63600.39,63376.71,63518.01,159.46592
2026-08-02 22:45:00+00:00,63518.0,63572.5,63424.0,63424.58,65.34579
2026-08-02 23:00:00+00:00,63424.58,63457.5,63344.0,63363.99,91.73387
2026-08-02 23:15:00+00:00,63363.99,63546.88,63344.0,63542.65,128.07208
2026-08-02 23:30:00+00:00,63542.65,63596.0,63490.0,63523.33,56.72047
2026-08-02 23:45:00+00:00,63523.34,63575.19,63486.01,63570.0,61.14656
2026-08-03 00:00:00+00:00,63570.01,63596.0,63390.0,63425.05,97.5877
2026-08-03 00:15:00+00:00,63425.05,63442.0,63250.04,63262.84,116.30809
2026-08-03 00:30:00+00:00,63262.84,63425.97,63208.3,63331.81,88.28269
2026-08-03 00:45:00+00:00,63331.81,63352.0,63271.2,63317.6,55.14494
2026-08-03 01:00:00+00:00,63317.61,63350.0,63180.0,63221.18,96.81693
2026-08-03 01:15:00+00:00,63221.19,63260.0,63111.1,63175.99,112.42212
2026-08-03 01:30:00+00:00,63175.99,63248.0,63160.66,63219.31,72.91849
2026-08-03 01:45:00+00:00,63219.32,63230.0,63162.0,63212.16,90.15564
2026-08-03 02:00:00+00:00,63212.16,63233.29,63138.93,63205.31,72.05025
2026-08-03 02:15:00+00:00,63205.31,63286.0,63100.0,63128.0,96.3039
2026-08-03 02:30:00+00:00,63128.01,63216.79,63108.33,63180.4,80.88507
2026-08-03 02:45:00+00:00,63180.39,63196.0,63120.01,63141.4,84.95037
2026-08-03 03:00:00+00:00,63141.39,63168.44,63100.0,63116.0,66.48409
2026-08-03 03:15:00+00:00,63116.0,63138.37,63062.98,63080.01,103.45743
2026-08-03 03:30:00+00:00,63080.01,63089.98,63039.99,63062.93,98.6563
2026-08-03 03:45:00+00:00,63062.93,63065.89,62786.04,62870.49,247.86641
2026-08-03 04:00:00+00:00,62870.48,62938.55,62816.34,62865.93,116.58446
2026-08-03 04:15:00+00:00,62865.93,62978.11,62865.92,62972.67,51.17981
2026-08-03 04:30:00+00:00,62972.67,63001.77,62965.0,62981.99,63.96012
2026-08-03 04:45:00+00:00,62981.99,62982.0,62770.37,62790.0,88.69324
2026-08-03 05:00:00+00:00,62790.0,62871.13,62751.3,62852.01,129.52292
2026-08-03 05:15:00+00:00,62852.01,62875.02,62802.0,62816.0,255.44536
2026-08-03 05:30:00+00:00,62816.01,62849.98,62774.88,62808.75,76.42435
2026-08-03 05:45:00+00:00,62808.75,62862.92,62807.67,62827.17,85.29943
2026-08-03 06:00:00+00:00,62827.17,62872.58,62823.2,62846.0,65.56355
2026-08-03 06:15:00+00:00,62846.01,62850.0,62759.82,62793.17,81.11909
2026-08-03 06:30:00+00:00,62793.17,62841.01,62640.0,62640.01,141.45792
2026-08-03 06:45:00+00:00,62640.01,62683.5,62613.0,62623.6,108.17785
2026-08-03 07:00:00+00:00,62623.6,62676.85,62592.0,62599.99,629.92463
2026-08-03 07:15:00+00:00,62599.99,62674.64,62552.04,62639.96,237.66196
2026-08-03 07:30:00+00:00,62639.95,62700.0,62603.1,62643.92,133.73697
2026-08-03 07:45:00+00:00,62643.93,62675.31,62580.47,62621.1,263.40471
2026-08-03 08:00:00+00:00,62621.1,62647.69,62516.01,62566.01,83.25688
2026-08-03 08:15:00+00:00,62566.01,62569.3,62326.0,62340.01,254.60838
2026-08-03 08:30:00+00:00,62340.0,62439.36,62300.0,62439.35,196.22958
2026-08-03 08:45:00+00:00,62439.36,62541.5,62436.23,62541.5,123.23638
2026-08-03 09:00:00+00:00,62541.5,62590.2,62520.0,62571.24,206.73227
2026-08-03 09:15:00+00:00,62571.25,62667.04,62571.25,62653.36,95.18715
2026-08-03 09:30:00+00:00,62653.36,62707.5,62628.0,62692.49,104.78467
2026-08-03 09:45:00+00:00,62692.48,62863.1,62692.48,62837.4,178.70666
2026-08-03 10:00:00+00:00,62837.4,62860.0,62766.66,62788.01,107.41963
2026-08-03 10:15:00+00:00,62788.01,62833.68,62742.01,62742.02,153.1931
2026-08-03 10:30:00+00:00,62742.02,62742.02,62674.0,62708.86,75.51549
2026-08-03 10:45:00+00:00,62708.86,62782.0,62615.11,62742.01,107.68113
2026-08-03 11:00:00+00:00,62742.01,62744.0,62585.16,62646.02,68.10254
2026-08-03 11:15:00+00:00,62646.01,62773.99,62640.0,62704.09,59.70978
2026-08-03 11:30:00+00:00,62704.09,62778.92,62669.86,62697.4,53.42668
2026-08-03 11:45:00+00:00,62697.4,62700.0,62540.95,62560.01,101.02551
2026-08-03 12:00:00+00:00,62560.01,62612.0,62445.26,62555.59,156.00757
2026-08-03 12:15:00+00:00,62555.6,62694.0,62550.0,62630.93,99.4507
2026-08-03 12:30:00+00:00,62630.92,62767.32,62614.99,62767.32,100.22948
2026-08-03 12:45:00+00:00,62767.32,62799.3,62690.88,62700.0,81.54488
2026-08-03 13:00:00+00:00,62700.01,62786.81,62700.0,62782.46,110.27168
2026-08-03 13:15:00+00:00,62782.46,62998.0,62720.01,62769.0,192.00617
2026-08-03 13:30:00+00:00,62769.0,62940.0,62562.42,62928.57,367.61184
2026-08-03 13:45:00+00:00,62928.57,63390.0,62810.93,63351.09,451.50164
2026-08-03 14:00:00+00:00,63351.09,63444.0,63136.0,63320.65,354.94712
2026-08-03 14:15:00+00:00,63320.66,63795.0,63170.0,63766.01,704.62291
2026-08-03 14:30:00+00:00,63766.0,63910.0,63631.11,63783.15,764.47113
2026-08-03 14:45:00+00:00,63783.14,63992.71,63659.06,63967.19,563.78267
2026-08-03 15:00:00+00:00,63967.19,63989.75,63764.18,63821.23,509.31869
2026-08-03 15:15:00+00:00,63821.24,63862.37,63680.0,63715.08,316.51708
2026-08-03 15:30:00+00:00,63715.07,63910.0,63709.27,63791.7,325.03996
2026-08-03 15:45:00+00:00,63791.7,63848.0,63646.59,63694.91,217.66231
2026-08-03 16:00:00+00:00,63694.9,63897.64,63664.0,63807.58,359.3697
2026-08-03 16:15:00+00:00,63807.58,63939.99,63802.0,63903.78,193.63881
2026-08-03 16:30:00+00:00,63903.78,63903.78,63710.71,63766.8,120.31783
2026-08-03 16:45:00+00:00,63766.88,63879.94,63744.0,63776.46,126.75316
2026-08-03 17:00:00+00:00,63776.46,63863.48,63714.55,63850.0,101.17994
2026-08-03 17:15:00+00:00,63849.99,64059.75,63816.0,63828.0,300.08161
2026-08-03 17:30:00+00:00,63828.0,63930.81,63793.21,63900.01,115.95129
2026-08-03 17:45:00+00:00,63900.0,63956.67,63868.47,63906.0,110.89376
2026-08-03 18:00:00+00:00,63905.99,64000.0,63870.04,63966.13,95.35318
2026-08-03 18:15:00+00:00,63966.12,63988.0,63814.05,63849.36,87.36622
2026-08-03 18:30:00+00:00,63849.37,63926.81,63810.0,63852.0,94.85856
2026-08-03 18:45:00+00:00,63852.0,63919.31,63768.0,63870.87,90.46681
2026-08-03 19:00:00+00:00,63870.87,63932.17,63846.0,63920.0,82.95967
2026-08-03 19:15:00+00:00,63920.0,64012.0,63920.0,63967.99,126.29083
2026-08-03 19:30:00+00:00,63968.0,64080.0,63864.27,63954.71,182.46183
2026-08-03 19:45:00+00:00,63954.71,63975.34,63861.08,63869.38,153.4695
2026-08-03 20:00:00+00:00,63869.38,63957.51,63816.65,63897.98,103.34332
2026-08-03 20:15:00+00:00,63897.98,64023.61,63896.71,63958.99,122.14249
2026-08-03 20:30:00+00:00,63958.99,63958.99,63907.7,63926.1,98.95259
2026-08-03 20:45:00+00:00,63926.1,63926.1,63769.92,63775.43,174.5552
2026-08-03 21:00:00+00:00,63775.43,63787.25,63712.23,63722.47,162.91243
2026-08-03 21:15:00+00:00,63722.48,63791.98,63687.41,63730.01,103.76547
2026-08-03 21:30:00+00:00,63730.01,63734.09,63670.0,63681.47,73.31068
2026-08-03 21:45:00+00:00,63681.48,63681.48,63548.0,63590.15,87.96156
2026-08-03 22:00:00+00:00,63590.15,63611.59,63392.01,63498.2,214.46028
2026-08-03 22:15:00+00:00,63498.2,63680.0,63498.19,63535.63,95.86469
2026-08-03 22:30:00+00:00,63535.63,63565.23,63496.18,63509.53,76.20044
2026-08-03 22:45:00+00:00,63509.54,63638.36,63509.54,63618.0,35.95746
2026-08-03 23:00:00+00:00,63618.01,63618.01,63528.01,63542.36,57.38908
2026-08-03 23:15:00+00:00,63542.37,63621.35,63527.38,63572.0,244.87296
2026-08-03 23:30:00+00:00,63572.0,63572.01,63465.43,63500.32,93.50737
2026-08-03 23:45:00+00:00,63500.31,63523.7,63483.99,63520.0,64.44026
2026-08-04 00:00:00+00:00,63520.0,63585.09,63469.9,63469.91,93.32226
2026-08-04 00:15:00+00:00,63469.91,63497.97,63390.21,63462.22,206.97065
2026-08-04 00:30:00+00:00,63462.22,63462.22,63343.19,63399.99,151.97351
2026-08-04 00:45:00+00:00,63400.0,63477.94,63322.01,63361.99,83.96766
2026-08-04 01:00:00+00:00,63362.0,63497.54,63361.99,63476.82,94.62216
2026-08-04 01:15:00+00:00,63476.83,63574.71,63420.75,63525.99,273.84497
2026-08-04 01:30:00+00:00,63526.0,63927.99,63526.0,63810.0,245.54378
2026-08-04 01:45:00+00:00,63810.0,63882.8,63740.98,63847.93,194.62178
2026-08-04 02:00:00+00:00,63847.92,63867.95,63758.36,63772.01,222.32934
2026-08-04 02:15:00+00:00,63772.01,63808.79,63688.0,63693.56,193.79035
2026-08-04 02:30:00+00:00,63693.56,63972.0,63686.44,63902.02,139.99613
2026-08-04 02:45:00+00:00,63902.02,63926.43,63807.35,63822.44,40.09326
2026-08-04 03:00:00+00:00,63822.45,63836.0,63690.18,63690.18,52.72054
2026-08-04 03:15:00+00:00,63690.19,63792.0,63649.0,63774.0,101.05996
2026-08-04 03:30:00+00:00,63773.99,63860.0,63773.99,63836.03,106.03799
2026-08-04 03:45:00+00:00,63836.03,63837.79,63800.01,63800.01,83.31436
2026-08-04 04:00:00+00:00,63800.01,63827.84,63762.0,63802.0,141.45722
2026-08-04 04:15:00+00:00,63802.01,63875.01,63797.04,63834.02,139.87825
2026-08-04 04:30:00+00:00,63834.01,64054.0,63834.01,64054.0,187.65484
2026-08-04 04:45:00+00:00,64054.0,64243.81,64029.0,64029.0,326.10013
2026-08-04 05:00:00+00:00,64029.01,64056.0,63840.36,63840.37,98.45597
2026-08-04 05:15:00+00:00,63840.36,63890.0,63812.5,63817.63,56.29943
2026-08-04 05:30:00+00:00,63817.64,63862.0,63810.0,63861.99,39.84653
2026-08-04 05:45:00+00:00,63861.99,63862.0,63788.23,63818.48,112.14443
2026-08-04 06:00:00+00:00,63818.47,63847.82,63774.91,63804.89,78.27903
2026-08-04 06:15:00+00:00,63804.89,63859.71,63761.0,63764.07,65.47674
2026-08-04 06:30:00+00:00,63764.07,63780.7,63693.77,63706.0,68.96364
2026-08-04 06:45:00+00:00,63706.0,63706.0,63654.16,63669.99,54.30101
